"支付宝"," alipay"," AntGroup"," 支付记录"," 192.168.1.1",""
"支付宝"," ALIPAY"," antgroup"," 支付记录"," 192.168.1.1",""
"支付宝"," Alipay"," ANTGROUP"," 支付记录"," 192.168.1.1",
"支付宝"," AlIpAy"," ANTgroup"," 支付记录"," 192.168.1.1",
"支付宝"," Alipay"," antGroup"," 支付记录"," 192.168.1.1",
"支付宝"," 支付宝"," 支付宝"," 支付宝"," 192.168.1.1",
"支付宝"," 支付宝"," 支付宝"," 支付宝"," 192.168.1.1",
"Alipay"," ALIPAY"," alipay"," ALIpay"," 192.168.1.1",
"aliPAY"," aLiPaY"," AlIpAy"," Alipay"," 192.168.1.1",
"支付结果"," 支付结果"," 支付结果"," 支付结果"," 192.168.1.1",""
